{
  "version":"",
  "Paytable": {
    "RTPvalue": "{@minRTP} %",
    "RTPrange": "{@minRTP} % à {@maxRTP} %",
    "paybackTitle": "Taux de retour théorique",
    "paybackBody": "Pour ce jeu, le taux de retour théorique moyen à long terme est de {RTP}.",
    "subheading": "Coût du billet : {ticketCost}",
    "prizeLevel": "Niveau du lot",
    "description": "Description",
    "prizeValue": "Valeur du lot",
    "descriptionText1": "Gain pour des numéros identiques",
    "descriptionText2": "Lot boni",
    "overallChances": "Globalement, vous avez 1 chance sur {odds} de gagner un lot à chaque partie.",
    "prizeDivision": "Répartition des lots",
    "prizeRemaining": "Nombre approximatif de lots restants",
    "oddsPerPlay": "Chances par partie"

  },
  "title": "MODÈLE",
  "MenuCommand": {
    "price": "Coût",
    "stake": "Mise",
    "howToPlay": "Aide",
    "paytable": "Table de paiement",
    "close": "Fermer",
    "audio": {
      "sound": "Son",
      "on": "Activé",
      "off": "Désactivé"
    }
  },
  "Error": {
    "errorCodePrefix": "Erreur : ",
    "genericErrorText": "Une erreur interne est survenue. QUITTEZ le jeu et relancez-le."
  },
  "Game": {
    "footer_balance": "SOLDE",
    "footer_ticketCost": "COÛT DU BILLET",
    "ticketSelect_ticketCost": "COÛT DU BILLET",
    "ticketCostPrefix": {
      "BUY": "",
      "TRY": "ESSAYER "
    },
    "footer_win": {
      "BUY": "GAIN",
      "TRY": "GAIN FICTIF"
    },

    "button_buy": {
      "BUY": "ACHETER",
      "TRY": "ESSAYER"
    },
    "button_try": "ESSAYER",
    "button_continue": "CONTINUER",
    "button_moveToMoney": "MODE ARGENT RÉEL",
    "button_autoPlay": "TOUT AFFICHER",
    "button_stop": "ARRÊTER",
    "button_playAgain":{
      "BUY": "JOUER DE NOUVEAU",
      "TRY": "ESSAYER DE NOUVEAU"
    },
    "button_tryAgain": "ESSAYER DE NOUVEAU",
    "button_ok": "OK",
    "button_exit": "QUITTER",

    "error_button_exit": "QUITTER",
    "error_title": "ERREUR",

    "message_nonWin": "MEILLEURE CHANCE\nLA PROCHAINE FOIS",
    "message_win": {
      "BUY": "FÉLICITATIONS!\nVOUS AVEZ GAGNÉ",
      "TRY": "MERCI D’AVOIR JOUÉ!\nVOUS AURIEZ PU GAGNER"
    },

    "howToPlay": "COMMENT JOUER",
    "page1_line1": "[7]Découvrez un symbole 7 pour gagner un lot correspondant.",
    "page1_line2": "[77]Découvrez un symbole double 7 pour doubler votre lot correspondant.",
    "page1_line3": "[777]Découvrez un symbole triple 7 pour tripler votre lot correspondant.",
    "page1_line4": "[RUBY]Découvrez trois symboles bonis Rubis pour commencer le jeu boni.",

    "page2_line1": "[WHEEL]Lancez la roue pour commencer le jeu boni.",
    "page2_line2": "[WHEELPRIZE]Gagnez un lot lorsque le pointeur de la roue indique un lot.",
    "page2_line3": "[WHEELARROW]Passez à la roue suivante lorsque le pointeur de la roue indique un symbole Flèche.",
    "page2_line4": "[WHEELRESPIN]Gagnez une partie supplémentaire lorsque le pointeur indique le symbole de relance.",
    "page2_line5": "[WHEELX]Un symbole boni Rubis est retiré lorsque le pointeur indique un X rouge. \nLe jeu boni prend fin lorsqu’il ne reste aucun symbole boni Rubis.",

    "winUpTo": "GAGNEZ JUSQU’À",
    "bonus": "SYMBOLE BONI",
    "bonusNoWin": "AUCUN GAIN BONI",
    "bonusWin": "GAIN BONI",
    "totalWin": "GAIN TOTAL",
    "infoBarText":"DÉCOUVREZ UN SYMBOLE RUBIS [7sLOGO] POUR GAGNER!",
    "bonusInfo":"Trois symboles ou plus déverrouillent le jeu boni",
    "bonusInfo2":"Zéro rubis = fin du jeu boni",

    "bonusSpinButton":"BoutonPartieBoni",
    "respin":"Relance",

    "yourNumbers": "VOS NUMÉROS",
    "luckyNumbers": "NUMÉROS CHANCEUX"
  }
}
