﻿{
  "version":"",
  "Paytable": {
    "RTPvalue": "{@minRTP}%",
    "RTPrange": "Tra {@minRTP}% e {@maxRTP}%",
    "paybackTitle": "Ritorno previsto",
    "paybackBody": "Per questo gioco, il ritorno teoricamente previsto sul lungo termine è pari al {RTP}.",
    "subheading": "Prezzo biglietto: {ticketCost}",
    "prizeLevel": "Livello del premio",
    "description": "Descrizione",
    "prizeValue": "Valore del premio",
    "descriptionText1": "Vincita per abbinamento del numero",
    "descriptionText2": "Vincita Bonus",
    "overallChances": "Nel complesso, vi è 1 possibilità su {odds} di vincere un premio in ogni partita.",
    "prizeDivision": "Divisione del premio",
    "prizeRemaining": "Premi rimanenti approssimativamente",
    "oddsPerPlay": "Probabilità per partita"

  },
  "title": "MODELLO",
  "MenuCommand": {
    "price": "Prezzo",
    "stake": "Puntata",
    "howToPlay": "Aiuto",
    "paytable": "Tabella dei pagamenti",
    "close": "Chiudi",
    "audio": {
      "sound": "Audio",
      "on": "On",
      "off": "Off"
    }
  },
  "Error": {
    "errorCodePrefix": "Errore: ",
    "genericErrorText": "Si è verificato un errore interno. ESCI e riavvia il gioco."
  },
  "Game": {
    "footer_balance": "SALDO",
    "footer_ticketCost": "PREZZO BIGLIETTO",
    "ticketSelect_ticketCost": "PREZZO BIGLIETTO",
    "ticketCostPrefix": {
      "BUY": "",
      "TRY": "PROVA "
    },
    "footer_win": {
      "BUY": "VINCITA",
      "TRY": "VINCITA DEMO"
    },

    "button_buy": {
      "BUY": "ACQUISTA",
      "TRY": "PROVA"
    },
    "button_try": "PROVA",
    "button_continue": "CONTINUA",
    "button_moveToMoney": "GIOCA CON DENARO REALE",
    "button_autoPlay": "MOSTRA TUTTI",
    "button_stop": "STOP",
    "button_playAgain":{
      "BUY": "GIOCA ANCORA",
      "TRY": "RIPROVA"
    },
    "button_tryAgain": "RIPROVA",
    "button_ok": "OK",
    "button_exit": "ESCI",
    
    "error_button_exit": "ESCI",
    "error_title": "ERRORE",
    
    "message_nonWin": "SARAI PIÙ FORTUNATO\nLA PROSSIMA VOLTA",
    "message_win": {
      "BUY": "CONGRATULAZIONI!\nHAI VINTO",
      "TRY": "TI RINGRAZIAMO PER AVER GIOCATO CON NOI!\nAVRESTI POTUTO VINCERE"
    },

    "howToPlay": "COME SI GIOCA",
    "page1_line1": "[7]Rivela un singolo simbolo 7 per vincere un premio corrispondente.",
    "page1_line2": "[77]Rivela un doppio simbolo 7 per raddoppiare il premio corrispondente.",
    "page1_line3": "[777]Rivela un triplo simbolo 7 per triplicare il premio corrispondente.",
    "page1_line4": "[RUBY]Rivela 3 o più simboli Rubino Bonus per avviare la partita Bonus.",

    "page2_line1": "[WHEEL]Fai girare la ruota per dare inizio alla partita Bonus.",
    "page2_line2": "[WHEELPRIZE]Vinci quando l’indicatore si ferma su un valore del premio.",
    "page2_line3": "[WHEELARROW]Accedi alla ruota successiva quando l’indicatore si ferma su un simbolo Freccia.",
    "page2_line4": "[WHEELRESPIN]Ottieni un giro aggiuntivo quando l’indicatore si ferma sul simbolo Respin.",
    "page2_line5": "[WHEELX]Se ti fermi sulla X rossa, viene eliminato un Rubino Bonus. \nIl Bonus termina quando non vi sono più Rubini Bonus.",

    "winUpTo": "VINCI FINO A",
    "bonus": "BONUS",
    "bonusNoWin": "NESSUNA VINCITA BONUS",
    "bonusWin": "VINCITA BONUS",
    "totalWin": "VINCITA TOTALE",
    "infoBarText":"TROVA IL RUBINO [7sLOGO] PER VINCERE!",
    "bonusInfo":"3 o più sbloccano il Bonus",
    "bonusInfo2":"Zero Rubini = Fine del Bonus",

    "bonusSpinButton":"Pulsante giro Bonus",
    "respin":"Respin",
    
    "yourNumbers": "I TUOI NUMERI",
    "luckyNumbers": "NUMERI FORTUNATI"
  }
}
