{
  "version": "",
  "Paytable": {
    "RTPvalue": "{@minRTP}%",
    "RTPrange": "{@minRTP}% do {@maxRTP}%",
    "paybackTitle": "Oczekiwany zwrot",
    "paybackBody": "Długoterminowy, teoretycznie oczekiwany zwrot w tej grze wynosi {RTP}.",
    "subheading": "Opłata za los: {ticketCost}",
    "prizeLevel": "Stopień wygranej",
    "description": "Opis",
    "prizeValue": "Wartość wygranej",
    "descriptionText1": "Wygrana dopasowanej liczby",
    "descriptionText2": "Wygrana bonusu",
    "overallChances": "Łączna szansa wygrania nagrody dla danej stawki: 1 na {odds}.",
    "prizeDivision": "Stopień wygranej",
    "prizeRemaining": "Pozostała przybliżona liczba nagród",
    "oddsPerPlay": "Szansa na wygraną"

  },
  "title": "SZABLON",
  "MenuCommand": {
    "price": "Cena",
    "stake": "Stawka",
    "howToPlay": "Zasady gry",
    "paytable": "Tabela wygranych",
    "close": "X",
    "audio": {
      "sound": "Dźwięk",
      "on": "Wł.",
      "off": "Wył."
    }
  },
  "Error": {
    "errorCodePrefix": "Błąd: ",
    "genericErrorText": "Wystąpił błąd wewnętrzny. WYJDŹ i uruchom ponownie grę."
  },
  "Game": {
    "footer_balance": "SALDO",
    "footer_ticketCost": "OPŁATA ZA LOS",
    "ticketSelect_ticketCost": "OPŁATA ZA LOS",
    "ticketCostPrefix": {
      "BUY": "",
      "TRY": "DEMO "
    },
    "footer_win": {
      "BUY": "WYGRANA",
      "TRY": "WYGRANA DEMO"
    },

    "button_buy": {
      "BUY": "PŁACĘ",
      "TRY": "DEMO"
    },
    "button_try": "DEMO",
    "button_continue": "KONTYNUUJ",
    "button_moveToMoney": "GRAJ NA PIENIĄDZE",
    "button_autoPlay": "AUTO",
    "button_stop": "STOP",
    "button_playAgain": {
      "BUY": "GRAJ PONOWNIE",
      "TRY": "SPRÓBUJ PONOWNIE"
    },
    "button_tryAgain": "SPRÓBUJ PONOWNIE",
    "button_ok": "OK",
    "button_exit": "WYJDŹ",

    "error_button_exit": "WYJDŹ",
    "error_title": "BŁĄD",

    "message_nonWin": "POWODZENIA\nNASTĘPNYM RAZEM",
    "message_win": {
      "BUY": "GRATULACJE!\nTWOJA WYGRANA TO:",
      "TRY": "DZIĘKUJEMY ZA GRĘ!\nMOŻNA BYŁO WYGRAĆ"
    },

    "howToPlay": "ZASADY GRY",
    "page1_line1": "[7]Odkryj symbol pojedynczej 7, aby wygrać odpowiadającą mu nagrodę.",
    "page1_line2": "[77]Odkryj symbol podwójnej 7, aby podwoić odpowiadającą mu nagrodę.",
    "page1_line3": "[777]Odkryj symbol potrójnej 7, aby potroić odpowiadającą mu nagrodę.",
    "page1_line4": "[RUBY]Odkryj co najmniej 3 symbole bonusowego rubinu, aby rozpocząć grę bonusową.",

    "page2_line1": "[WHEEL]Zakręć kołem, aby rozpocząć grę bonusową.",
    "page2_line2": "[WHEELPRIZE]Wygraj nagrodę, gdy wskaźnik zatrzyma się na wartości wygranej.",
    "page2_line3": "[WHEELARROW]Przejdź do następnego koła, gdy wskaźnik zatrzyma się na symbolu strzałki.",
    "page2_line4": "[WHEELRESPIN]Zdobądź dodatkowy obrót, gdy wskaźnik zatrzyma się na symbolu obrotu ponownego.",
    "page2_line5": "[WHEELX]Po zatrzymaniu na czerwonym X bonusowy rubin zostanie usunięty. \nBonus skończy się, gdy nie będzie więcej bonusowych rubinów.",

    "winUpTo": "WYGRAJ DO",
    "bonus": "BONUS",
    "bonusNoWin": "BRAK WYGRANEJ BONUSU",
    "bonusWin": "WYGRANA BONUSU",
    "totalWin": "ŁĄCZNA WYGRANA",
    "infoBarText": "ZNAJDŹ RUBIN [7sLOGO], ABY WYGRAĆ!",
    "bonusInfo": "Co najmniej 3 odblokowują bonus",
    "bonusInfo2": "Brak rubinów = koniec bonusu",

    "bonusSpinButton": "Przycisk Obrót bonusu",
    "respin": "Obrót ponowny",

    "yourNumbers": "TWOJE LICZBY",
    "luckyNumbers": "SZCZĘŚLIWE LICZBY"
  }
}