﻿{
  "version":"",
  "Paytable": {
    "RTPvalue": "{@minRTP} %",
    "RTPrange": "{@minRTP} % till {@maxRTP} %",
    "paybackTitle": "Förväntad återbetalning",
    "paybackBody": "För det här spelet är den långsiktiga, teoretiskt förväntade återbetalningen {RTP}.",
    "subheading": "Lottkostnad: {ticketCost}",
    "prizeLevel": "Prisnivå",
    "description": "Beskrivning",
    "prizeValue": "Prisvärde",
    "descriptionText1": "Nummermatchningsvinst",
    "descriptionText2": "Bonusvinst",
    "overallChances": "Sannolikheten att vinna ett pris är 1 på {odds} varje gång man spelar.",
    "prizeDivision": "Prisindelning",
    "prizeRemaining": "Ungefärligt antal återstående priser",
    "oddsPerPlay": "Odds per spel"

  },
  "title": "MALL",
  "MenuCommand": {
    "price": "Pris",
    "stake": "Insats",
    "howToPlay": "Hjälp",
    "paytable": "Vinsttabell",
    "close": "Stäng",
    "audio": {
      "sound": "Ljud",
      "on": "På",
      "off": "Av"
    }
  },
  "Error": {
    "errorCodePrefix": "Fel: ",
    "genericErrorText": "Det har inträffat ett internt fel. LÄMNA och starta om spelet."
  },
  "Game": {
    "footer_balance": "SALDO",
    "footer_ticketCost": "LOTTKOSTNAD",
    "ticketSelect_ticketCost": "LOTTKOSTNAD",
    "ticketCostPrefix": {
      "BUY": "",
      "TRY": "FÖRSÖK "
    },
    "footer_win": {
      "BUY": "VINST",
      "TRY": "DEMOVINST"
    },

    "button_buy": {
      "BUY": "KÖP",
      "TRY": "FÖRSÖK"
    },
    "button_try": "FÖRSÖK",
    "button_continue": "FORTSÄTT",
    "button_moveToMoney": "FLYTTA TILL PENGAR",
    "button_autoPlay": "AVSLÖJA ALLA",
    "button_stop": "STOPPA",
    "button_playAgain":{
      "BUY": "SPELA IGEN",
      "TRY": "FÖRSÖK IGEN"
    },
    "button_tryAgain": "FÖRSÖK IGEN",
    "button_ok": "OK",
    "button_exit": "LÄMNA",
    
    "error_button_exit": "LÄMNA",
    "error_title": "FEL",
    
    "message_nonWin": "BÄTTRE LYCKA\nNÄSTA GÅNG",
    "message_win": {
      "BUY": "GRATTIS!\nDU HAR VUNNIT",
      "TRY": "TACK FÖR ATT DU SPELAR!\nDU KUNDE HA VUNNIT"
    },

    "howToPlay": "SÅ HÄR SPELAR DU",
    "page1_line1": "[7]Avslöja en symbol med en 7:a för att vinna ett motsvarande pris.",
    "page1_line2": "[77]Avslöja en symbol med dubbel-7:or för att dubbla motsvarande priset.",
    "page1_line3": "[777]Avslöja en symbol med trippel-7:or för att trippla motsvarande priset.",
    "page1_line4": "[RUBY]Avslöja 3 eller fler bonusrubin-symboler för att starta bonusspelet.",

    "page2_line1": "[WHEEL]Snurra på hjulet för att starta bonusspelet.",
    "page2_line2": "[WHEELPRIZE]Vinn ett pris när pekaren stannar på ett prisvärde.",
    "page2_line3": "[WHEELARROW]Gå till nästa hjul när pekaren stannar på en pilsymbol.",
    "page2_line4": "[WHEELRESPIN]Få ett extra snurr när pekaren stannar på omsnurrsymbolen.",
    "page2_line5": "[WHEELX]Stannar den på ett rött X så avlägsnas en bonusrubin. \nBonusen avslutas när inga bonusrubiner återstår.",

    "winUpTo": "VINN UPP TILL",
    "bonus": "BONUS",
    "bonusNoWin": "INGEN BONUSVINST",
    "bonusWin": "BONUSVINST",
    "totalWin": "TOTAL VINST",
    "infoBarText":"HITTA RUBY [7 sLOGO] FÖR ATT VINNA!",
    "bonusInfo":"3 eller fler låser upp bonus",
    "bonusInfo2":"Noll rubiner = Bonusen avslutas",

    "bonusSpinButton":"bonussnurr-knapp",
    "respin":"Omsnurr",
    
    "yourNumbers": "DINA NUMMER",
    "luckyNumbers": "LYCKONUMMER"
  }
}
